movieid,label
1,p
2,p
3,p
4,p
5,c
7,c
8,p
9,p
10,p
12,p
13,p
15,p
16,c
17,c
18,e
19,p
20,c
21,e
22,e
23,p
24,e
25,e
26,e
31,p
35,c
36,p
38,p
39,c
40,p
41,p
42,p
43,e
44,p
45,e
46,c
48,p
49,c
52,p
53,p
55,p
57,p
62,p
63,p
65,p
66,p
67,p
69,p
70,p
71,e
72,p
74,c
75,p
76,e
81,p
83,p
85,p
86,p
88,p
89,p
91,p
92,p
93,p
94,e
95,p
97,e
99,p
100,p
102,p
103,p
106,p
109,e
110,e
113,p
121,c
124,c
128,c
134,p
135,p
144,e
148,p
150,e
152,p
153,p
154,p
155,e
156,p
157,p
159,p
160,c
161,p
162,p
163,c
166,p
167,p
168,p
170,p
171,p
172,p
173,p
174,e
175,e
176,p
177,p
178,c
179,c
180,p
183,p
185,c
186,p
188,p
189,p
192,p
193,e
195,p
197,p
200,p
201,p
203,p
204,p
207,p
214,c
215,p
217,c
220,p
225,p
227,c
228,d
229,a
231,c
232,p
233,e
235,p
238,p
244,c
245,c
247,c
250,p
251,a
254,p
255,p
257,p
259,p
261,p
264,c
268,p
269,p
273,p
274,p
275,c
277,p
278,p
279,c
280,c
286,e
287,p
288,e
289,c
290,p
297,p
298,p
310,p
314,p
317,e
318,p
324,e
326,p
329,c
330,p
331,p
334,p
335,p
336,c
339,p
341,e
344,c
345,c
346,a
348,p
349,p
351,c
353,e
354,c
355,p
358,p
362,p
365,p
366,p
367,p
369,c
376,p
377,p
378,p
379,p
380,c
390,p
391,p
407,p
410,p
412,p
413,e
414,p
417,p
418,p
420,p
422,p
423,a
424,c
428,e
429,p
431,p
432,p
433,p
437,c
438,e
439,p
441,p
442,p
445,p
448,c
452,p
453,e
455,p
457,p
458,p
461,p
462,p
463,p
464,c
467,p
469,p
471,p
472,p
477,p
478,e
480,e
481,p
482,p
485,p
486,p
487,p
489,p
490,p
491,p
493,p
494,c
496,p
497,p
502,p
503,p
505,e
510,p
513,p
514,p
516,p
517,p
518,e
519,e
520,p
521,p
524,a
526,p
529,p
531,p
532,p
535,p
536,c
537,e
538,p
539,p
540,p
541,p
543,p
544,p
545,p
547,c
550,c
551,e
552,p
555,p
558,d
559,p
561,e
563,p
564,e
570,p
581,c
583,p
584,p
585,p
587,p
590,p
592,c
595,p
600,p
601,c
603,e
605,p
606,e
622,e
624,p
625,p
630,e
631,p
633,p
634,p
638,p
639,p
640,p
641,p
643,c
646,p
654,p
656,p
658,p
661,p
663,p
665,p
666,p
676,p
678,p
680,p
681,p
685,p
686,p
687,p
689,p
694,p
696,c
698,p
700,p
703,e
708,p
718,p
720,c
725,p
726,p
730,p
731,p
734,p
739,p
748,p
750,c
752,e
754,e
766,e
769,p
773,p
774,p
786,p
788,c
789,e
790,p
791,p
792,p
797,c
798,p
815,p
817,p
818,c
819,p
821,c
823,p
824,c
828,e
835,p
838,c
852,p
854,p
869,p
875,p
877,p
881,e
883,p
885,p
886,e
887,e
888,a
889,p
890,p
892,e
894,p
895,a
896,a
898,p
899,c
900,c
902,p
904,e
905,e
907,e
908,p
910,e
912,p
913,p
914,e
915,p
917,e
918,d
920,p
921,p
922,e
926,p
928,p
929,p
930,d
931,p
932,e
933,e
935,p
937,e
938,e
939,c
940,p
943,p
948,e
952,e
954,p
955,p
957,p
958,p
966,p
969,p
973,p
974,p
976,p
977,p
978,p
981,c
985,p
987,p
991,p
993,p
994,p
996,e
997,p
999,p
1000,p
1002,p
1003,p
1004,p
1005,p
1009,p
1010,c
1012,p
1013,c
1014,p
1016,p
1018,p
1020,p
1023,p
1024,p
1025,p
1026,c
1028,p
1031,p
1032,e
1034,c
1035,p
1037,p
1038,p
1041,e
1042,c
1047,p
1049,p
1050,e
1053,e
1057,p
1063,a
1065,p
1067,c
1068,e
1069,a
1070,c
1071,p
1074,e
1075,c
1076,p
1079,p
1080,p
1082,e
1102,p
1104,p
1107,p
1109,e
1111,p
1113,p
1118,e
1125,e
1131,p
1145,p
1146,p
1149,p
1153,e
1156,e
1158,p
1161,p
1163,e
1164,p
1165,c
1168,e
1169,p
1170,a
1172,p
1178,c
1179,e
1180,e
1182,e
1183,e
1185,p
1188,e
1192,e
1194,e
1197,p
1199,e
1200,p
1202,e
1203,e
1204,p
1206,e
1209,p
1210,p
1212,p
1215,c
1217,e
1218,p
1219,p
1221,e
1225,e
1228,e
1229,e
1230,e
1232,e
1237,e
1238,p
1239,e
1241,c
1242,e
1243,p
1244,c
1245,a
1246,a
1247,e
1248,c
1249,p
1250,d
1251,p
1252,p
1255,p
1256,e
1259,e
1260,e
1261,p
1263,p
1264,p
1265,e
1266,a
1269,p
1273,p
1274,p
1276,e
1277,e
1279,c
1283,p
1295,p
1303,p
1311,e
1313,e
1314,d
1315,p
1316,e
1317,c
1323,e
1325,c
1327,p
1328,p
1329,c
1330,p
1332,e
1335,p
1337,c
1340,p
1341,p
1342,p
1343,p
1345,p
1346,p
1347,p
1348,c
1349,p
1350,p
1351,p
1352,p
1355,c
1358,p
1359,p
1360,p
1361,p
1362,e
1363,p
1364,p
1365,p
1366,p
1368,p
1369,p
1371,p
1372,p
1373,e
1375,p
1379,e
1380,e
1382,p
1384,p
1386,e
1389,c
1392,p
1394,p
1395,c
1397,p
1398,p
1404,p
1406,p
1407,c
1408,p
1411,p
1413,e
1415,p
1421,p
1423,p
1425,p
1428,a
1429,p
1430,p
1438,p
1439,p
1440,p
1442,p
1444,p
1446,p
1448,p
1450,p
1454,p
1455,p
1456,c
1457,p
1458,p
1460,p
1463,e
1465,p
1468,p
1470,p
1472,p
1474,p
1480,p
1483,p
1492,p
1493,e
1496,p
1500,p
1503,p
1507,p
1512,p
1518,p
1519,p
1520,p
1523,p
1535,p
1536,p
1537,p
1538,p
1539,p
1540,p
1542,p
1543,p
1544,p
1546,c
1548,p
1551,p
1552,p
1553,p
1554,p
1555,p
1556,p
1559,e
1565,c
1566,p
1567,p
1573,p
1574,p
1580,c
1583,c
1588,p
1593,p
1594,p
1597,p
1599,p
1600,p
1604,p
1607,c
1614,p
1617,e
1618,e
1619,p
1620,p
1621,p
1623,p
1624,p
1625,p
1629,p
1630,p
1634,p
1636,a
1638,p
1639,p
1643,p
1644,p
1646,e
1649,p
1653,p
1658,p
1662,a
1663,p
1670,p
1671,p
1672,p
1674,p
1676,c
1682,p
1684,p
1685,p
1688,p
1689,e
1690,e
1691,e
1695,p
1696,p
1699,p
1702,c
1704,p
1709,p
1713,p
1715,p
1719,c
1720,p
1722,p
1725,p
1727,p
1730,p
1731,p
1734,p
1736,p
1739,p
1744,p
1749,p
1751,p
1752,p
1753,p
1755,p
1758,p
1764,p
1765,e
1773,p
1774,p
1780,p
1783,p
1791,p
1792,p
1793,p
1797,c
1798,p
1799,p
1800,p
1804,p
1805,p
1806,d
1811,p
1812,p
1814,p
1819,p
1821,p
1823,p
1829,p
1830,a
1831,e
1835,e
1836,p
1837,p
1840,p
1841,e
1842,p
1844,p
1845,p
1846,e
1847,p
1848,e
1851,p
1852,p
1853,p
1854,p
1857,p
1858,e
1859,e
1861,p
1862,e
1863,p
1864,e
1865,e
1867,c
1868,p
1869,c
1871,p
1872,c
1873,p
1874,e
1875,e
1876,c
1878,e
1879,p
1880,e
1881,e
1882,e
1883,p
1884,e
1890,p
1891,p
1892,p
1897,p
1898,p
1899,p
1900,p
1901,p
1902,p
1904,d
1908,p
1909,p
1910,p
1911,e
1912,p
1913,p
1915,p
1917,p
1918,p
1919,e
1920,p
1921,p
1926,p
1927,p
1928,p
1929,p
1937,c
1938,p
1944,p
1945,p
1953,p
1959,p
1960,p
1963,p
1967,p
1968,p
1969,p
1971,p
1977,p
1978,p
1981,e
1983,e
1984,c
1987,p
1990,p
1992,d
1993,e
1997,c
2001,p
2004,p
2005,p
2010,p
2013,p
2014,p
2016,p
2017,p
2021,p
2023,p
2024,p
2025,a
2027,p
2029,e
2032,e
2036,p
2037,p
2038,p
2039,p
2040,p
2043,p
2044,p
2045,c
2049,e
2050,p
2051,c
2052,p
2054,p
2055,e
2061,p
2062,p
2063,p
2066,p
2069,p
2071,p
2076,e
2077,e
2081,p
2083,e
2084,p
2087,p
2088,p
2093,e
2094,e
2095,e
2096,e
2097,e
2098,e
2102,e
2103,e
2104,e
2106,p
2110,p
2113,p
2117,p
2119,p
2120,e
2121,e
2122,p
2123,p
2126,p
2127,p
2128,e
2148,p
2149,p
2153,p
2154,p
2158,p
2160,p
2162,e
2164,e
2165,p
2170,p
2174,p
2176,p
2178,p
2179,e
2181,c
2182,p
2186,e
2188,p
2190,p
2192,p
2195,p
2196,p
2197,c
2199,p
2201,p
2202,e
2204,p
2207,p
2208,e
2211,p
2214,p
2218,d
2219,e
2220,e
2225,p
2229,c
2231,p
2233,p
2237,p
2238,p
2242,p
2245,p
2246,a
2248,p
2250,c
2253,c
2254,p
2255,p
2257,p
2259,p
2261,p
2262,a
2265,e
2266,p
2270,c
2273,p
2275,p
2278,c
2279,e
2283,c
2284,c
2285,p
2286,c
2288,p
2290,p
2294,p
2295,p
2296,p
2297,p
2298,p
2299,p
2300,p
2301,p
2304,e
2307,c
2309,p
2310,p
2312,p
2313,c
2315,e
2318,e
2319,p
2321,p
2323,c
2324,e
2325,p
2326,p
2327,p
2328,p
2329,p
2330,p
2331,p
2333,e
2334,p
2336,p
2341,c
2346,p
2347,p
2348,p
2349,p
2352,d
2353,p
2354,p
2356,p
2357,c
2359,e
2360,p
2361,p
2362,p
2363,p
2364,e
2365,p
2367,c
2374,p
2375,p
2378,e
2380,c
2382,p
2385,e
2386,p
2387,c
2389,p
2392,p
2393,e
2394,p
2398,p
2399,p
2402,c
2405,e
2408,p
2413,p
2414,c
2415,p
2417,p
2418,p
2419,c
2422,d
2426,c
2430,d
2434,p
2435,e
2437,p
2438,p
2442,p
2444,p
2445,p
2446,p
2447,p
2448,p
2449,p
2450,p
2452,p
2455,p
2456,p
2458,c
2466,p
2468,e
2470,d
2472,p
2477,p
2478,p
2480,e
2483,p
2484,p
2489,c
2496,e
2498,c
2500,p
2507,e
2513,e
2515,c
2516,e
2517,p
2522,e
2523,e
2524,p
2525,p
2527,p
2529,p
2530,p
2532,p
2533,p
2556,p
2557,p
2558,p
2559,p
2560,p
2561,p
2562,p
2563,p
2564,c
2565,p
2567,p
2569,p
2577,p
2580,e
2581,p
2584,e
2587,e
2592,p
2593,c
2597,p
2598,p
2599,p
2603,p
2609,p
2610,p
2613,p
2615,p
2617,p
2618,e
2622,c
2623,c
2625,p
2628,p
2629,p
2633,p
2634,p
2636,p
2637,c
2639,p
2640,c
2641,p
2643,c
2644,e
2645,e
2646,e
2652,p
2653,p
2654,p
2662,p
2666,p
2667,p
2668,p
2673,p
2675,p
2686,p
2688,p
2690,p
2691,p
2694,p
2695,p
2698,p
2701,p
2703,p
2707,e
2708,p
2712,p
2713,p
2714,p
2715,p
2718,p
2721,p
2722,p
2723,p
2724,p
2726,p
2731,p
2732,p
2737,p
2738,p
2741,p
2744,p
2749,p
2756,p
2757,a
2761,p
2763,p
2765,p
2766,e
2767,p
2773,p
2774,e
2775,e
2776,p
2777,p
2780,p
2783,e
2786,p
2787,a
2788,p
2789,p
2791,p
2793,p
2797,c
2798,p
2799,e
2803,p
2804,p
2805,p
2806,c
2807,p
2810,p
2811,p
2812,p
2815,p
2816,a
2817,e
2818,e
2819,e
2820,p
2822,p
2823,p
2824,e
2831,e
2832,e
2833,e
2834,c
2837,p
2838,p
2842,p
2845,c
2848,e
2852,e
2855,p
2856,p
2857,p
2858,e
2859,e
2862,p
2863,p
2864,p
2865,p
2869,c
2871,p
2872,p
2874,p
2878,p
2880,p
2884,p
2886,e
2887,e
2889,p
2892,e
2894,p
2895,c
2901,p
2902,p
2904,c
2905,e
2906,p
2907,p
2909,p
2911,e
2912,p
2913,p
2914,p
2926,p
2927,p
2928,p
2930,p
2931,p
2932,e
2933,p
2934,e
2935,e
2936,e
2940,p
2945,p
2947,p
2949,p
2950,p
2951,p
2953,c
2955,p
2956,p
2959,p
2960,e
2961,p
2963,p
2966,p
2967,p
2968,p
2971,e
2977,c
2979,p
2982,p
2987,p
2988,p
2991,e
2992,p
2994,p
2995,c
2997,c
3003,c
3004,e
3006,p
3007,e
3009,d
3010,p
3015,c
3017,c
3018,e
3020,p
3021,p
3026,p
3027,p
3029,p
3030,p
3031,p
3032,p
3043,p
3045,p
3046,p
3049,p
3054,p
3058,p
3059,p
3061,p
3062,c
3070,p
3071,p
3072,p
3073,p
3076,p
3077,p
3079,e
3082,p
3083,p
3084,e
3087,e
3089,e
3090,p
3091,p
3095,p
3097,e
3098,p
3101,p
3102,a
3111,c
3112,e
3114,p
3115,p
3117,e
3119,e
3122,p
3124,p
3126,p
3129,p
3130,p
3135,e
3138,p
3141,p
3148,p
3151,p
3154,d
3159,p
3162,p
3163,p
3164,p
3167,p
3168,c
3169,p
3170,p
3172,p
3174,p
3175,c
3176,p
3178,e
3179,c
3180,p
3184,p
3185,p
3187,p
3188,p
3189,p
3190,p
3192,p
3198,p
3199,p
3200,p
3213,p
3214,p
3215,p
3216,p
3220,a
3221,e
3223,d
3229,p
3232,c
3233,c
3234,p
3240,p
3242,e
3244,e
3246,p
3247,c
3250,p
3251,p
3253,p
3254,p
3255,p
3256,e
3257,d
3258,c
3259,p
3260,a
3263,p
3267,a
3270,p
3274,p
3275,p
3276,e
3277,e
3278,e
3279,p
3286,p
3288,p
3289,p
3290,p
3294,p
3300,p
3301,e
3302,p
3303,p
3305,p
3307,p
3308,p
3309,p
3315,p
3318,p
3319,p
3323,e
3324,p
3332,e
3335,e
3336,p
3337,p
3338,p
3339,p
3340,p
3341,a
3343,e
3344,p
3346,p
3347,p
3349,p
3351,e
3352,p
3353,p
3354,p
3355,p
3356,e
3357,p
3358,p
3359,p
3362,p
3364,p
3365,d
3366,a
3369,p
3371,c
3373,p
3375,e
3376,e
3380,p
3381,p
3383,p
3384,p
3385,d
3391,e
3393,c
3394,p
3395,p
3402,p
3403,p
3407,p
3408,e
3411,e
3412,d
3413,p
3415,p
3417,c
3418,e
3419,p
3423,p
3424,p
3425,p
3432,p
3434,e
3437,p
3438,e
3439,p
3440,a
3446,p
3447,e
3448,p
3450,e
3455,e
3457,e
3458,e
3459,p
3460,p
3461,e
3463,e
3464,e
3467,p
3471,e
3474,p
3477,p
3489,p
3491,p
3493,e
3496,p
3499,p
3503,p
3505,p
3506,c
3510,e
3511,p
3512,p
3516,p
3518,p
3519,p
3520,p
3526,p
3527,p
3529,e
3530,p
3536,p
3539,e
3540,p
3544,e
3545,p
3546,p
3550,p
3556,p
3561,c
3570,e
3580,c
3581,p
3583,a
3584,p
3587,c
3588,e
3594,e
3597,e
3598,p
3602,p
3603,p
3604,a
3608,p
3609,p
3611,p
3613,c
3614,e
3616,e
3617,p
3618,e
3619,e
3620,p
3624,p
3627,p
3628,e
3631,p
3632,p
3635,e
3636,c
3637,p
3638,p
3639,a
3640,p
3641,d
3646,p
3647,e
3649,p
3651,p
3652,p
3653,e
3656,p
3657,p
3659,p
3663,p
3670,p
3678,p
3679,p
3680,p
3681,e
3682,c
3685,p
3687,p
3688,p
3689,p
3691,p
3693,p
3694,p
3695,p
3697,p
3698,p
3703,p
3705,p
3710,p
3713,e
3714,p
3716,p
3717,a
3718,p
3719,p
3721,p
3722,p
3725,p
3726,p
3730,p
3731,p
3732,p
3734,p
3735,c
3736,c
3737,p
3738,p
3741,p
3742,p
3745,p
3747,p
3748,e
3751,p
3752,p
3753,p
3754,p
3767,p
3768,p
3772,p
3781,p
3782,p
3783,e
3787,p
3792,p
3797,p
3799,p
3801,p
3803,p
3804,p
3807,p
3816,p
3820,p
3821,p
3825,p
3826,c
3827,d
3828,e
3831,p
3833,p
3835,e
3836,p
3837,p
3845,p
3846,p
3848,p
3851,p
3854,p
3855,p
3856,p
3857,c
3858,e
3859,p
3860,c
3863,c
3866,p
3875,p
3876,e
3877,c
3878,p
3886,e
3888,p
3889,c
3890,p
3891,p
3892,p
3893,a
3896,p
3898,c
3900,p
3902,c
3903,e
3906,p
3907,c
3908,e
3910,p
3911,p
3912,p
3915,p
3916,e
3917,p
3918,p
3919,p
3921,p
3923,c
3924,e
3926,p
3927,c
3928,p
3930,p
3931,e
3934,p
3936,a
3937,c
3938,c
3939,p
3942,p
3943,a
3945,e
3946,e
3948,p
3949,p
3952,p
3953,p
3954,p
3955,p
3956,p
3961,p
3963,c
3964,p
3972,p
3973,c
3974,e
3975,p
3977,p
3987,p
3988,p
3989,p
3990,p
3991,p
3992,p
3993,p
3994,p
3996,p
3998,p
4000,p
4001,e
4003,p
4004,p
4006,p
4008,p
4009,p
4012,p
4013,p
4015,p
4017,p
4020,p
4025,p
4026,p
4029,p
4030,p
4031,p
4033,p
4034,p
4035,p
4040,p
4041,p
4042,p
4047,p
4050,p
4057,a
4058,e
4061,p
4062,c
4063,p
4064,p
4067,p
4068,p
4075,p
4076,e
4077,p
4082,p
4083,p
4087,p
4089,p
4090,p
4094,p
4096,p
4097,p
4099,p
4100,p
4101,p
4105,p
4107,p
4108,p
4109,p
4112,e
4113,p
4114,c
4116,p
4117,p
4119,e
4120,e
4121,p
4122,a
4123,p
4124,p
4126,p
4127,p
4128,p
4130,p
4131,p
4132,c
4133,p
4135,a
4138,p
4141,e
4145,a
4147,p
4148,e
4151,p
4152,p
4154,p
4156,p
4157,p
4160,e
4162,p
4163,p
4164,p
4171,e
4172,e
4173,p
4175,p
4180,p
4183,p
4184,p
4187,e
4190,e
4193,p
4198,p
4200,p
4201,p
4204,p
4208,p
4209,p
4211,p
4212,c
4213,p
4214,a
4222,p
4224,p
4226,p
4229,p
4230,p
4234,e
4237,p
4241,p
4242,e
4243,p
4246,p
4247,p
4249,p
4250,p
4252,c
4254,p
4256,p
4257,e
4259,e
4261,p
4262,p
4263,e
4264,p
4265,p
4269,e
4271,p
4274,p
4275,p
4276,p
4280,p
4286,e
4292,p
4296,p
4297,c
4300,p
4301,p
4305,p
4309,p
4310,p
4316,p
4318,c
4319,p
4321,p
4327,p
4334,e
4337,e
4340,e
4341,p
4344,p
4345,d
4349,p
4351,p
4354,p
4355,c
4358,p
4359,p
4360,e
4370,p
4374,p
4376,p
4377,p
4378,p
4379,p
4380,p
4381,p
4382,p
4384,p
4385,p
4386,p
4387,c
4390,p
4392,p
4393,c
4394,p
4395,p
4396,e
4397,e
4399,p
4400,p
4403,e
4404,p
4405,e
4407,p
4408,p
4410,p
4411,p
4414,e
4423,p
4424,p
4428,p
4430,e
4431,p
4434,p
4438,p
4439,p
4445,p
4447,p
4451,p
4452,p
4453,p
4455,p
4461,p
4463,p
4464,p
4465,p
4466,p
4468,p
4470,p
4471,p
4472,p
4473,p
4474,p
4475,p
4479,p
4480,p
4481,e
4482,p
4483,p
4485,p
4486,p
4488,p
4490,p
4491,p
4497,p
4498,p
4499,p
4503,p
4505,p
4506,p
4507,p
4509,e
4513,p
4515,p
4519,p
4521,p
4522,p
4524,p
4525,p
4527,p
4529,p
4531,p
4532,p
4536,p
4541,p
4546,p
4547,p
4549,p
4551,e
4554,p
4557,p
4562,p
4566,a
4567,e
4569,p
4570,e
4572,p
4574,p
4579,p
4581,c
4584,p
4585,p
4586,p
4587,p
4590,p
4594,e
4595,p
4596,p
4599,p
4602,p
4605,p
4607,p
4609,p
4611,p
4612,p
4615,p
4617,p
4621,e
4622,p
4626,e
4627,p
4629,p
4630,p
4633,p
4635,p
4636,p
4637,p
4639,p
4641,p
4645,p
4647,p
4650,c
4651,p
4655,p
4657,p
4660,p
4672,e
4674,p
4676,p
4679,c
4680,p
4681,p
4682,p
4683,p
4689,p
4694,p
4696,p
4699,d
4701,p
4702,e
4705,p
4707,p
4709,p
4710,e
4711,p
4712,p
4716,p
4718,e
4719,p
4720,p
4721,c
4722,p
4723,p
4728,p
4729,p
4730,p
4731,p
4737,p
4738,p
4742,p
4744,a
4751,p
4752,p
4756,p
4758,p
4762,e
4763,p
4764,c
4768,p
4772,e
4774,p
4777,p
4778,p
4780,e
4781,p
4785,p
4787,c
4793,a
4795,p
4796,p
4797,p
4799,p
4805,p
4808,c
4810,e
4814,p
4818,e
4819,p
4823,p
4824,p
4826,p
4827,p
4828,p
4830,p
4837,p
4839,e
4843,p
4848,p
4851,p
4857,p
4858,p
4864,p
4865,p
4869,p
4870,p
4874,p
4876,d
4878,p
4881,c
4882,p
4885,p
4887,p
4888,e
4893,p
4894,p
4896,p
4897,p
4899,c
4906,p
4907,e
4909,p
4912,p
4914,p
4915,e
4917,e
4919,p
4920,c
4921,p
4922,e
4928,p
4932,p
4934,p
4938,p
4939,p
4942,p
4943,p
4946,p
4947,p
4948,p
4952,p
4954,p
4956,e
4960,p
4961,p
4962,p
4966,p
4969,p
4980,a
4983,p
4984,p
4986,p
4987,p
4989,p
4990,e
4991,p
4999,p
5000,p
5001,p
5005,p
5008,p
5011,d
5013,c
5014,p
5015,p
5016,e
5021,p
5023,p
5025,e
5026,e
5027,e
5028,p
5034,p
5036,p
5040,p
5041,c
5055,p
5056,p
5057,e
5058,e
5059,p
5064,a
5065,p
5067,e
5074,p
5075,p
5078,p
5088,p
5090,c
5093,p
5096,p
5110,p
5118,p
5119,p
5123,p
5125,p
5126,p
5127,p
5131,p
5134,p
5136,p
5142,p
5149,p
5150,p
5151,p
5152,p
5155,p
5159,p
5160,p
5161,p
5163,p
5169,p
5170,a
5171,p
5173,p
5180,c
5181,p
5184,p
5187,p
5188,e
5194,p
5195,p
5197,a
5198,p
5199,e
5203,e
5204,p
5205,d
5206,p
5208,p
5210,p
5215,p
5217,p
5223,p
5233,p
5236,p
5239,p
5243,p
5244,c
5245,p
5246,p
5247,e
5250,p
5253,p
5254,p
5258,p
5259,p
5262,p
5263,p
5269,c
5271,p
5272,p
5274,p
5275,p
5282,c
5287,e
5289,e
5293,p
5294,p
5295,p
5297,p
5303,p
5304,p
5306,p
5309,p
5310,p
5313,p
5315,e
5319,p
5320,p
5324,e
5325,p
5328,e
5329,p
5331,e
5333,e
5336,p
5337,p
5338,p
5339,p
5340,e
5343,p
5344,p
5345,p
5348,p
5349,p
5350,p
5351,p
5353,p
5354,p
5355,p
5356,p
5357,p
5358,p
5359,p
5362,p
5364,p
5366,p
5368,e
5369,e
5372,p
5374,e
5377,p
5380,d
5381,p
5384,p
5385,p
5386,p
5391,p
5398,p
5401,p
5405,p
5407,p
5411,p
5413,p
5414,p
5416,p
5427,p
5432,p
5433,p
5434,p
5438,p
5445,p
5446,e
5449,e
5452,p
5453,p
5458,p
5460,p
5466,p
5468,p
5469,p
5477,p
5478,p
5482,c
5486,p
5495,p
5497,e
5499,p
5502,c
5508,e
5509,p
5512,p
5515,e
5518,p
5520,e
5523,c
5528,p
5531,p
5532,p
5533,c
5535,c
5536,c
5540,e
5543,p
5549,p
5553,p
5555,p
5556,p
5567,p
5571,p
5572,e
5573,c
5576,c
5578,p
5580,e
5583,p
5584,p
5588,p
5592,p
5594,p
5596,p
5597,p
5600,e
5602,p
5608,e
5610,p
5611,p
5615,e
5619,p
5626,p
5629,p
5630,a
5632,p
5635,p
5638,p
5645,p
5650,p
5652,p
5659,p
5663,p
5665,p
5666,e
5667,p
5672,p
5674,p
5676,p
5680,p
5683,p
5687,p
5688,p
5691,e
5692,p
5694,e
5695,e
5696,p
5699,p
5701,p
5702,p
5706,p
5712,p
5713,c
5715,c
5718,p
5720,p
5723,p
5727,p
5731,p
5732,p
5735,p
5736,p
5739,p
5744,e
5750,p
5756,p
5757,p
5758,p
5762,p
5770,e
5771,p
5772,p
5773,p
5775,p
5777,p
5783,p
5784,a
5792,c
5798,p
5801,e
5802,p
5805,e
5812,p
5817,p
5818,p
5820,p
5824,p
5827,p
5832,p
5833,p
5834,p
5836,p
5838,p
5839,p
5841,p
5842,p
5844,p
5845,p
5846,e
5848,p
5852,p
5855,p
5856,c
5857,c
5858,c
5860,e
5863,c
5865,p
5870,p
5871,p
5876,p
5880,p
5881,p
5884,d
5887,p
5888,p
5890,e
5891,e
5895,p
5897,p
5899,c
5900,p
5903,e
5904,e
5906,p
5911,p
5915,p
5921,p
5923,e
5925,p
5928,p
5932,e
5937,c
5938,p
5939,p
5942,p
5945,p
5948,p
5958,e
5959,p
5963,a
5964,p
5967,p
5968,p
5969,p
5974,p
5975,p
5978,p
5979,p
5981,p
5987,p
5991,p
5995,p
5997,p
6002,p
6005,p
6006,p
6012,p
6016,p
6028,p
6035,p
6040,p
6044,p
6049,p
6052,p
6056,p
6057,p
6058,p
6060,p
6063,p
6065,p
6074,p
6076,p
6084,c
6087,p
6089,c
6094,p
6097,p
6098,p
6099,p
6102,p
6104,p
6107,p
6109,p
6113,p
6114,p
6116,p
6119,c
6121,c
6123,e
6126,p
6130,e
6131,p
6133,p
6134,c
6135,p
6137,p
6139,p
6145,p
6146,e
6148,e
6151,p
6152,p
6158,p
6163,p
6165,p
6166,p
6167,p
6168,e
6169,c
6172,p
6173,e
6176,p
6177,p
6181,p
6185,p
6187,p
6188,p
6189,p
6190,p
6192,p
6193,c
6194,p
6201,c
6202,p
6205,p
6206,p
6208,p
6209,p
6215,p
6220,p
6222,c
6223,e
6226,p
6229,p
6230,c
6231,p
6234,p
6237,p
6238,p
6246,p
6247,p
6248,p
6256,p
6257,c
6258,e
6261,p
6262,p
6266,p
6268,p
6270,a
6273,p
6278,e
6282,p
6286,p
6288,e
6290,p
6292,p
6293,p
6296,p
6300,p
6301,p
6303,p
6306,p
6307,p
6312,p
6319,p
6320,e
6325,p
6326,e
6329,p
6330,e
6331,p
6334,p
6336,p
6339,p
6342,p
6343,p
6344,p
6352,p
6353,p
6355,p
6361,a
6362,p
6364,p
6365,p
6371,p
6372,p
6373,p
6379,p
6387,p
6388,p
6392,p
6400,p
6402,p
6404,p
6405,p
6408,d
6409,p
6411,p
6412,p
6417,p
6422,e
6423,p
6424,p
6425,p
6426,p
6427,e
6428,e
6434,c
6436,p
6437,e
6439,p
6441,d
6443,p
6447,p
6448,p
6449,p
6453,p
6454,p
6455,e
6456,p
6467,p
6468,p
6471,p
6473,e
6475,p
6476,p
6482,c
6484,p
6488,p
6490,p
6500,p
6501,p
6503,p
6504,p
6506,p
6508,p
6509,p
6512,p
6513,p
6514,p
6518,p
6527,p
6528,e
6534,p
6535,e
6538,p
6539,e
6540,p
6541,p
6545,p
6548,p
6550,p
6553,e
6554,p
6556,p
6558,p
6561,p
6565,p
6568,p
6569,p
6570,p
6571,p
6572,p
6574,p
6576,e
6581,p
6586,p
6588,e
6593,p
6594,e
6596,p
6597,e
6598,e
6599,p
6600,p
6613,e
6614,p
6616,d
6619,p
6621,p
6623,p
6632,p
6633,p
6635,p
6639,p
6640,p
6642,p
6643,e
6644,e
6645,c
6649,c
6651,p
6652,p
6654,c
6657,p
6658,p
6659,e
6663,e
6664,p
6665,p
6666,p
6668,p
6671,p
6674,p
6675,p
6676,e
6677,p
6679,p
6683,p
6684,p
6685,e
6686,p
6687,e
6689,e
6691,c
6692,p
6693,p
6697,e
6698,p
6699,p
6703,p
6704,e
6705,p
6709,p
6716,p
6719,p
6720,p
6721,p
6726,c
6730,p
6733,p
6734,p
6736,p
6738,c
6739,p
6741,d
6745,p
6750,p
6752,p
6757,p
6759,e
6762,p
6763,e
6764,p
6766,p
6768,e
6770,p
6773,e
6774,e
6775,p
6776,p
6777,d
6778,p
6785,e
6788,p
6789,p
6794,p
6800,p
6802,p
6811,p
6812,p
6819,c
6831,c
6833,p
6834,e
6835,p
6839,p
6840,p
6844,e
6846,p
6849,p
6850,p
6852,p
6853,p
6854,p
6857,p
6860,p
6862,d
6864,p
6865,p
6866,e
6867,p
6873,e
6876,p
6878,p
6879,p
6880,e
6883,p
6884,p
6885,p
6886,p
6887,p
6888,e
6889,p
6890,p
6891,p
6892,p
6896,p
6899,p
6901,p
6903,p
6904,p
6905,p
6906,p
6907,e
6914,p
6915,p
6916,p
6917,p
6922,e
6923,p
6931,e
6934,p
6935,p
6936,p
6937,p
6939,p
6940,p
6941,p
6942,p
6945,p
6946,p
6947,p
6948,p
6949,p
6957,p
6959,d
6963,e
6964,p
6965,p
6967,e
6968,p
6969,c
6971,p
6972,c
6973,p
6976,e
6978,p
6979,p
6982,c
6983,p
6987,p
6988,p
6989,p
6991,p
6994,p
6998,p
7000,p
7004,p
7006,p
7008,p
7010,e
7011,e
7012,p
7015,p
7017,e
7029,p
7034,c
7035,p
7036,c
7037,p
7038,c
7041,p
7042,e
7045,p
7047,e
7048,p
7049,e
7050,p
7051,p
7054,e
7056,c
7057,p
7060,p
7061,p
7062,e
7064,p
7066,p
7067,p
7068,p
7071,p
7074,p
7076,p
7079,p
7081,p
7086,c
7088,p
7089,e
7091,e
7095,e
7097,p
7098,p
7099,p
7102,e
7103,p
7104,p
7106,p
7108,p
7110,p
7112,p
7115,a
7116,p
7119,p
7126,p
7127,p
7128,p
7129,p
7132,e
7134,p
7142,c
7143,e
7146,p
7147,c
7148,p
7162,p
7163,p
7167,p
7172,c
7173,p
7175,p
7179,p
7180,c
7181,p
7187,p
7192,a
7195,p
7197,p
7198,d
7200,p
7201,a
7202,p
7203,p
7204,e
7206,c
7207,p
7211,p
7212,e
7214,e
7217,p
7222,p
7225,p
7227,c
7232,p
7234,e
7235,c
7238,p
7239,p
7241,e
7248,p
7249,c
7251,p
7253,p
7258,p
7259,p
7260,p
7261,p
7263,p
7265,p
7267,p
7270,p
7282,p
7285,p
7291,p
7300,p
7301,p
7306,p
7307,p
7308,p
7309,p
7313,c
7315,p
7316,c
7317,p
7320,p
7321,p
7322,e
7325,p
7330,e
7331,p
7335,p
7336,p
7337,e
7338,p
7339,p
7341,p
7344,c
7352,p
7355,p
7356,d
7364,e
7365,p
7368,e
7371,p
7372,p
7375,p
7376,p
7377,p
7378,c
7381,p
7382,p
7383,p
7384,c
7386,e
7392,p
7394,p
7396,p
7397,p
7403,p
7404,p
7412,p
7416,p
7417,p
7419,p
7420,d
7425,p
7427,p
7431,p
7434,p
7435,a
7437,a
7445,p
7447,p
7464,p
7469,p
7472,p
7475,p
7482,p
7484,p
7485,p
7488,p
7493,c
7495,p
7497,p
7498,p
7499,p
7500,p
7501,a
7503,p
7504,p
7507,p
7512,p
7516,e
7518,e
7519,p
7523,p
7530,p
7531,e
7533,p
7535,p
7537,p
7542,p
7548,p
7555,p
7557,p
7569,p
7570,p
7571,p
7580,e
7581,e
7585,p
7586,p
7592,a
7593,p
7594,p
7598,p
7600,e
7601,p
7610,p
7613,p
7614,e
7618,p
7621,p
7623,e
7624,p
7625,p
7626,p
7627,e
7630,p
7634,p
7638,e
7642,p
7644,p
7645,p
7648,a
7650,c
7651,p
7654,e
7656,p
7660,p
7662,p
7665,e
7668,e
7669,p
7671,p
7672,e
7677,p
7678,p
7680,a
7684,p
7687,p
7691,p
7694,e
7695,p
7697,p
7698,p
7699,p
7702,e
7705,p
7709,p
7710,p
7711,p
7719,p
7721,e
7724,p
7726,p
7727,p
7728,p
7738,e
7743,e
7745,p
7746,e
7749,c
7750,p
7753,p
7755,p
7756,c
7763,c
7764,p
7769,p
7771,p
7772,c
7773,p
7776,p
7777,p
7781,p
7786,p
7793,p
7798,p
7799,p
7801,p
7802,p
7805,p
7809,p
7811,p
7812,p
7814,p
7815,p
7818,p
7824,p
7825,p
7826,p
7827,p
7828,e
7830,p
7832,p
7834,c
7836,c
7838,p
7841,e
7843,p
7845,p
7847,p
7848,p
7849,p
7852,p
7853,p
7854,p
7856,p
7857,p
7861,p
7864,p
7865,p
7870,p
7872,e
7875,p
7876,p
7877,e
7883,p
7884,c
7887,p
7894,p
7896,p
7898,e
7900,e
7903,p
7907,p
7908,p
7910,e
7912,p
7915,p
7916,p
7917,p
7920,p
7921,c
7924,p
7927,p
7929,p
7932,p
7934,p
7938,p
7939,p
7940,p
7942,p
7945,p
7948,p
7949,p
7952,p
7956,p
7959,p
7960,p
7964,p
7984,p
7988,p
7998,p
7999,p
8001,p
8009,p
8010,p
8012,p
8023,p
8028,c
8032,p
8034,p
8035,e
8037,p
8040,e
8051,p
8055,p
8056,p
8063,p
8064,p
8066,e
8071,p
8077,p
8080,p
8082,c
8087,p
8088,p
8090,p
8091,p
8095,p
8096,p
8097,p
8098,p
8099,p
8107,e
8108,p
8111,p
8112,p
8113,p
8127,p
8128,p
8129,c
8131,p
8133,p
8134,p
8135,p
8136,e
8139,p
8145,p
8147,p
8149,p
8150,p
8152,p
8153,p
8154,p
8157,p
8158,p
8159,e
8160,c
8162,p
8163,e
8165,c
8166,p
8171,e
8172,p
8176,e
8177,p
8184,p
8202,p
8203,e
8204,e
8205,p
8207,p
8208,p
8210,p
8211,p
8212,c
8214,e
8215,p
8216,p
8220,p
8221,e
8228,p
8234,c
8235,p
8240,c
8243,p
8245,e
8246,e
8248,e
8249,p
8252,p
8253,e
8254,e
8259,p
8260,e
8263,c
8264,p
8265,p
8266,c
8267,p
8269,e
8274,p
8275,p
8279,p
8281,p
8282,p
8284,p
8285,p
8286,p
8296,p
8297,p
8299,p
8301,p
8308,p
8310,p
8311,p
8314,p
8315,p
8321,p
8323,e
8331,p
8333,p
8335,p
8338,e
8340,p
8341,p
8342,p
8347,p
8348,p
8349,p
8352,p
8353,p
8354,p
8356,p
8357,e
8359,p
8362,p
8363,p
8366,p
8367,p
8368,p
8371,p
8375,p
8377,p
8378,p
8380,p
8381,c
8385,p
8387,p
8389,p
8391,p
8394,p
8396,p
8397,p
8402,p
8405,p
8408,e
8416,p
8419,p
8429,p
8432,e
8436,p
8442,d
8448,p
8451,e
8457,e
8458,p
8459,p
8465,d
8468,p
8470,p
8473,p
8474,e
8475,p
8477,e
8480,p
8482,p
8483,e
8487,p
8489,e
8491,p
8494,p
8497,e
8498,e
8502,p
8505,p
8513,p
8518,p
8520,e
8522,p
8534,p
8535,p
8536,e
8538,p
8540,p
8541,p
8542,e
8544,c
8545,p
8547,p
8548,p
8550,p
8551,p
8556,p
8558,p
8560,p
8562,p
8563,p
8564,e
8566,p
8575,e
8576,p
8579,e
8581,e
8582,c
8584,p
8585,p
8586,p
8590,p
8591,p
8593,e
8594,p
8601,p
8602,c
8605,p
8610,e
8614,p
8618,p
8627,p
8632,p
8637,p
8642,p
8645,c
8650,p
8652,p
8660,p
8664,p
8665,p
8666,c
8667,p
8671,p
8672,p
8673,p
8680,p
8684,p
8688,e
8693,p
8695,p
8698,p
8712,p
8726,p
8731,c
8732,c
8734,p
8737,e
8738,p
8744,c
8745,p
8748,c
8753,p
8754,p
8755,e
8757,p
8758,p
8760,p
8762,p
8764,p
8765,p
8768,p
8772,e
8774,p
8777,a
8779,c
8784,p
8786,p
8787,p
8791,p
8793,p
8794,p
8799,p
8804,p
8806,p
8811,p
8813,p
8814,p
8816,e
8818,p
8823,p
8826,p
8827,p
8831,p
8832,p
8835,p
8836,p
8842,p
8843,p
8844,p
8846,p
8847,p
8848,p
8849,p
8852,e
8860,p
8861,p
8862,p
8864,p
8865,p
8869,p
8870,p
8875,p
8878,p
8879,p
8881,p
8890,p
8897,p
8898,p
8900,c
8901,p
8902,p
8907,p
8911,p
8914,p
8915,p
8919,p
8926,p
8930,p
8931,p
8935,p
8937,c
8938,p
8939,p
8942,p
8945,p
8948,p
8958,p
8966,p
8967,p
8973,a
8974,p
8976,e
8978,p
8979,p
8981,p
8982,c
8983,e
8994,p
8995,p
8998,p
8999,p
9000,p
9003,p
9011,e
9012,d
9016,p
9020,e
9021,p
9025,e
9028,p
9029,e
9034,p
9035,p
9040,p
9064,p
9065,e
9073,p
9075,p
9076,p
9079,e
9080,p
9083,p
9088,p
9090,p
9097,p
9098,p
9102,p
9104,p
9107,p
9111,p
9113,p
9114,e
9116,p
9119,p
9123,p
9125,p
9128,p
9130,p
9131,c
9134,p
9138,p
9140,p
9145,p
9146,e
9147,p
9148,p
9149,p
9151,p
9154,p
9158,c
9163,p
9166,c
9167,c
9170,p
9174,p
9175,p
9176,c
9178,p
9179,p
9180,p
9181,e
9188,d
9189,p
9191,p
9193,p
9194,p
9195,p
9197,p
9203,p
9204,p
9206,p
9207,p
9208,p
9211,a
9215,p
9220,c
9222,e
9223,e
9225,p
9226,p
9230,p
9232,p
9233,p
9235,p
9237,p
9238,e
9243,p
9245,e
9246,p
9249,p
9251,e
9254,p
9258,e
9263,e
9266,p
9270,e
9273,c
9275,c
9279,c
9280,p
9282,e
9283,p
9284,p
9285,e
9286,p
9291,p
9297,p
9299,e
9308,e
9309,p
9315,p
9316,c
9319,e
9320,a
9322,p
9323,e
9327,p
9328,p
9329,e
9330,p
9332,c
9333,p
9336,c
9338,a
9339,e
9342,p
9343,p
9344,p
9345,p
9346,c
9353,p
9357,e
9361,p
9364,e
9365,e
9368,p
9373,p
9374,p
9375,p
9377,e
9379,e
9380,c
9381,p
9382,c
9384,c
9387,p
9389,e
9393,p
9397,p
9399,e
9400,d
9401,p
9403,p
9404,p
9406,p
9407,e
9408,p
9410,e
9417,p
9419,p
9420,p
9421,p
9422,d
9425,p
9426,c
9429,p
9430,p
9432,p
9435,p
9436,p
9437,c
9438,p
9439,p
9440,p
9441,p
9442,p
9443,p
9444,p
9447,p
9449,p
9452,p
9455,c
9457,p
9459,c
9460,e
9461,c
9462,p
9467,p
9470,p
9471,p
9472,p
9475,p
9476,e
9478,p
9480,p
9481,p
9482,e
9483,p
9484,p
9486,c
9488,p
9489,c
9490,p
9495,p
9496,p
9497,c
9502,c
9503,p
9504,p
9506,e
9507,p
9508,c
9509,p
9510,p
9512,p
9514,p
9515,c
9518,a
9520,p
9521,e
9523,p
9525,p
9528,e
9530,p
9534,e
9535,p
9536,c
9538,p
9540,e
9541,e
9547,e
9551,p
9552,p
9554,p
9558,a
9562,e
9563,c
9564,p
9566,p
9570,p
9571,e
9573,p
9574,p
9575,p
9576,a
9577,e
9578,p
9579,c
9584,p
9587,p
9594,p
9595,p
9597,e
9598,e
9599,p
9600,p
9601,p
9602,p
9603,p
9609,e
9610,p
9611,p
9614,p
9615,c
9619,p
9621,p
9626,e
9628,p
9630,p
9632,p
9633,c
9634,p
9638,c
9644,p
9650,c
9651,p
9652,p
9653,c
9654,c
9656,c
9659,p
9660,p
9663,p
9665,c
9667,e
9669,p
9671,e
9672,p
9676,p
9681,p
9682,p
9684,c
9685,p
9687,p
9688,p
9689,e
9690,c
9692,p
9694,e
9695,e
9701,p
9704,p
9707,p
9708,e
9709,p
9711,c
9712,p
9713,c
9715,p
9717,c
9719,p
9722,e
9723,e
9724,c
9728,p
9729,p
9730,p
9731,p
9734,p
9737,p
9739,p
9740,c
9742,p
9743,p
9747,p
9748,c
9749,c
9752,p
9753,p
9754,p
9758,p
9759,e
9760,c
9761,p
9772,p
9775,p
9777,e
9778,p
9779,p
9781,c
9782,p
9783,p
9785,p
9786,e
9787,e
9797,e
9798,p
9799,p
9801,p
9802,p
9805,e
9807,c
9809,e
9813,c
9814,p
9815,c
9816,c
9818,e
9821,e
9823,e
9824,p
9828,p
9831,c
9833,p
9834,p
9835,c
9841,e
9848,p
9853,p
9854,p
9855,p
9857,p
9861,e
9862,c
9863,p
9864,c
9865,p
9866,p
9870,c
9871,p
9872,e
9874,p
9875,p
9880,p
9888,e
9889,p
9890,e
9891,c
9892,e
9893,c
9894,p
9895,p
9898,p
9900,e
9905,e
9907,e
9908,p
9913,e
9914,p
9916,e
9918,p
9922,p
9927,p
9931,e
9932,p
9934,a
9935,c
9936,e
9937,p
9938,p
9939,e
9940,p
9941,p
9942,p
9945,p
9946,p
9948,c
9949,p
9952,p
9953,p
9954,p
9957,e
9958,c
9960,c
9966,p
9969,p
9971,e
9972,c
9975,p
9977,p
9978,p
9979,p
9981,c
9982,p
9984,e
9987,c
9989,p
9990,e
9994,e
9997,e
9998,e
9999,c
10001,c
10002,p
10004,e
10006,e
10008,e
10010,c
10011,p
10015,p
10018,e
10020,e
10021,c
10024,p
10025,e
10028,p
10030,e
10031,p
10032,c
10033,p
10034,p
10035,c
10036,c
10037,c
10038,c
10039,c
10043,p
10046,p
10048,e
10052,p
10055,e
10058,p
10065,p
10066,p
10067,c
10068,p
10069,c
10071,c
10072,p
10076,p
10080,p
10081,c
10082,p
10083,p
10084,p
10085,c
10086,c
10088,e
10094,p
10096,c
10097,c
10098,p
10101,e
10102,p
10105,e
10109,e
10110,p
10112,p
10113,p
10119,e
10120,p
10123,c
10124,p
10125,c
10126,e
10128,c
10133,e
10135,p
10136,p
10139,p
10141,p
10143,p
10144,p
10145,c
10146,c
10151,p
10154,p
10156,p
10157,p
10159,p
10160,p
10162,c
10163,p
10165,p
10167,e
10178,p
10180,p
10184,e
10187,p
10189,p
10192,e
10193,p
10194,p
10197,p
10198,p
10201,c
10202,p
10204,e
10206,p
10208,e
10211,c
10213,p
10219,p
10221,p
10223,p
10225,e
10227,c
10229,p
10230,c
10231,p
10234,p
10236,e
10238,p
10241,e
10242,e
10243,c
10244,p
10245,e
10247,p
10249,c
10250,p
10252,p
10257,e
10258,p
10259,p
10260,p
10264,p
10265,p
10267,e
10268,p
10275,p
10278,e
10280,c
10283,p
10291,c
10293,e
10295,e
10296,p
10301,e
10305,e
10307,p
10309,e
10310,p
10314,e
10317,c
10318,p
10319,e
10324,p
10331,p
10332,p
10343,e
10344,p
10345,p
10347,p
10355,p
10356,p
10364,c
10371,p
10372,p
10373,e
10374,c
10377,p
10378,p
10380,e
10386,p
10389,p
10390,p
10393,e
10395,p
10397,p
10400,c
10401,p
10402,p
10406,p
10412,e
10414,p
10419,e
10420,p
10421,p
10422,p
10430,c
10444,c
10469,d
10472,p
10473,p
10476,p
10482,p
10491,c
10492,c
10498,p
10499,p
10501,c
10503,p
10519,c
10527,e
10528,p
10536,p
10537,c
10538,c
10540,p
10541,p
10544,p
10549,p
10551,p
10573,p
10596,p
10601,p
10604,p
10608,p
10626,p
10639,p
10640,p
10644,p
10665,p
10676,p
10679,p
10680,p
